0.6710600071765466,0.4267762941914728,0.3435356425094115
0.2418289411800941,0.15862047922124528,0.11910469746073288
1.0680261058277307,0.37911894921417244,0.27146464676966675
1.5047301442588055,0.251543234451475,0.15633179793553922
0.2824465732138587,0.2669859522349646,0.20084461310323784
0.25095507673458234,0.16786366702810246,0.11299781135168957
0.2468383859978788,0.1566552605937387,0.1164103576938079
0.3927138611267473,0.3840264519698998,0.2756753658210586
1.3887854965495572,0.4200242810213501,0.3639196240134125
0.2672460765077924,0.2437256491711174,0.13058390929379518
0.35313604944208765,0.29195591824214207,0.21732216033797447
0.3534743137748467,0.2021071161146677,0.1507687790664606
0.2615633893664704,0.1516628358269962,0.11063552837573715
0.31189509396643267,0.22792762468669545,0.12839260041858774
0.30815120334974266,0.18471093820122464,0.12771134127829203
1.0875435631410393,0.3847070921076021,0.21170180326792007
0.32410421293208524,0.1932462881337575,0.16395093079385215
0.5345984454697887,0.4518166506973741,0.3824535164980077
0.27879197106416254,0.17531456564782502,0.11725358576441441
0.3052454356902252,0.20790762820128086,0.12402880022079833
1.6810614733980977,0.46017729467696783,0.4040698473111994
1.4365675082540355,0.5505416458181827,0.28454499092695895
1.2011883749184067,0.49697212826709636,0.3982639895130854
0.36232830791848447,0.3541480372235415,0.26394815921404835
1.1508439933010202,0.8957080954734067,0.8669809529787478
0.35272989703785007,0.2137910299246303,0.14684271486392914
0.21197970231164825,0.1354168243434066,0.08878697104517402
0.5484727355401715,0.47543089942917693,0.3761302398880183
0.3060320096892371,0.23524263436390722,0.12643122550882557
7.1163763655385,1.3305099655692807,1.3334929169790923
0.4117139570819033,0.3287306791231993,0.20499533693318125
0.41497599976945443,0.19349482349651942,0.11582953950048627
0.9449788703376064,0.28169321257283375,0.1584595186807994
0.30665557198930277,0.20000516416621777,0.1314669149788969
0.22454564445556563,0.17489303731285677,0.10239651982043445
0.38367606950441124,0.26954823059106636,0.18668198338192893
0.29975755161715667,0.2260468185745127,0.14642753944786732
0.6134403513706994,0.23616727771428359,0.1742252576340671
0.3884710994964435,0.2566595713868119,0.16700547620359527
0.28698721756524603,0.1734115043053399,0.0981303473228704
0.7498711977756214,0.6217784874153162,0.41133481604999045
0.40070934833099553,0.2732432321278704,0.20079088228270503
0.5039324149207346,0.27438069551845673,0.2083093280047888
0.6272057488122423,0.19897331686172864,0.11823621067634223
0.2646421119775181,0.17426340920315586,0.11414182346597135
0.5851120368662409,0.4906245749616349,0.36036208018256344
0.289776071588,0.21974296242800456,0.093212062111211
0.28288677302589627,0.18981623515041862,0.12290565969670496
0.43258356900772593,0.2907178428417386,0.22216898646763328
0.3126366989795182,0.3050287307510368,0.16639197903256361
0.4318500102970158,0.3468365763000868,0.2913158498050676
0.28987759948180025,0.17219392976779785,0.10313997685710197
0.3274073574273423,0.2506963241671453,0.14039624459645828
0.6552559237974335,0.37412068759872985,0.2048547012129156
0.4461252595360037,0.5347694771896853,0.19363991972537362
0.466533557449286,0.43380747433215766,0.19574654335334088
0.38784855945378294,0.32496297961241866,0.26350881877950577
1.4091627802090416,0.75338628894273,0.5973937004404375
0.35041782017789136,0.25029832423782417,0.1612100256040643
0.30549593174949286,0.4079053876008916,0.2881918447924329
0.2731219257687756,0.181793918666608,0.11679683547930529
0.6130337637907481,0.41780765660593433,0.31560353566711374
0.4598719088331069,0.45880684895463886,0.3902347947277668
0.3403225535959419,0.3393206768295775,0.10708365087641653
0.2288885339119875,0.19347212535248684,0.12579162722284143
0.2878851557889407,0.23492993422428787,0.15911043049644458
0.6196332829890352,0.2890865672521969,0.17031483849477397
0.397348533301217,0.2171167300715312,0.1522844912541348
0.36038152458274036,0.47808344949764503,0.1992012849139283
0.48544063040236407,0.19176699536399916,0.11463717074290476
0.2955029151648305,0.242386227327065,0.12309509179827667
0.9148030167316057,0.41322884560582784,0.4305485726944109
0.32888086077810685,0.29406425618903853,0.1903678826762035
0.2678913546502574,0.188012003180512,0.13374873185264838
0.3310735946724828,0.25649679373584294,0.146954215058622
0.24156684273075374,0.3699364242876859,0.14786082852589386
0.5121345663482867,0.24770349039272077,0.16149342660709626
0.32759943960931565,0.3924892600791347,0.18560719322445046
0.3232487322982853,0.3272846906010499,0.19665964185802964
0.3080210941805413,0.21960599935197883,0.11621798844233537
0.6230659994088231,0.27825195978281625,0.20149230845038035
0.34075430913588195,0.22725487058834526,0.12739253121148497
0.42971183799494495,0.7390017801403376,0.2342205448032199
0.2941123122624206,0.1916822968571249,0.12815917597146295
0.2979630641581732,0.19521953461887143,0.123043128229375
0.2533307219619751,0.1940457434753443,0.12246990881315695
0.3044109382348451,0.1836390925323595,0.0882484799280546
0.5569278626097106,0.22151681675169954,0.16131559164995946
0.3071024986853351,0.2186547726221606,0.17032805483111904
0.38232591723544185,0.19966857019267642,0.1502381436010578
0.5068704639015091,0.2671542648701159,0.17267639429819504
0.35555358142780114,0.4963414206515372,0.46042168598226074
0.5965883101789631,0.3719221216656571,0.22076846991879953
0.36358160704401676,0.32465473711582704,0.3154951827808756
0.32480772697234794,0.22522284589931224,0.14307499217204978
0.3077988479359348,0.21156851061632603,0.11942575956861101
0.30839795401956915,0.19162082519365997,0.14530077393577195
0.3481473821696246,0.2361026711889418,0.12531821112482944
1.4501026175302605,0.45925363772080785,0.3109029983525548
0.3144640509103618,0.2049742714398201,0.1393901000274999
0.303832555600752,0.2647498014677967,0.18358083453994528
1.8559728065856356,1.2202059771624367,0.9401619791760673
0.3519634213056862,0.30278147841076997,0.21835865563897283
0.5430113034340114,2.031573200391835,2.5520951032136803
0.28084280875257606,0.18742573712574773,0.10302301466229773
0.3577748699886673,0.23157092404839355,0.16918509946513421
0.5917037023023801,0.28901737479243284,0.1964676400287146
0.3658247698809973,0.2501476620443499,0.16675531690792528
1.211951398882856,0.32664177881116013,0.1422765586844409
0.25655674324999067,0.35623664260991916,0.2661462323091321
0.5753497878816278,0.49722680870897135,0.3716358446253533
0.41482944515038167,0.6228621731281825,0.20873234867684248
0.264073957077131,0.172880157311189,0.12436023053173106
0.434065989097824,0.2866938193209644,0.18538161832320854
0.5624628793520605,0.36317771175670405,0.29902628661429204
0.43904970191589954,0.22177426817565532,0.11353194996943856
0.3706355268070039,0.29725849955281347,0.1496629734456808
0.7301811916328984,0.6286132687081283,0.41070832690070774
0.29892913301189394,0.5578471347708813,0.6027449590025851
1.7139366916253245,0.5627586379502032,0.5586971143414725
0.6721160953351759,0.20618877777122444,0.19709877431896006
0.2651730449471247,0.17527628115463467,0.11560455568087595
0.5710255051101492,0.30436146036365497,0.19887188464221642
0.26837700023016986,0.162287187233453,0.11713707637863181
0.35769166582674355,0.38390351208202816,0.16612033455744563
0.2608777148903333,0.1881974142324156,0.13167001193051578
0.5050293394410982,0.3031290079546515,0.20705576899027273
0.3868412358141293,0.24914044136033042,0.1646048054710255
1.8039861537970108,1.2757892356511507,0.9219415863928266
0.4621975126253208,0.17470310272052494,0.11881939368368663
3.961802977375786,0.9912967973743263,0.8377077329026834
0.35814848082901657,0.2501608535804508,0.12127890672074972
0.4515999577169989,0.22387930333218475,0.16867725361649402
0.48729553573398254,0.4398281901910265,0.20144874967444323
0.3849668739778079,0.24653935195225724,0.17893006732584482
0.34507023326435027,0.24020660664655633,0.1944510890491787
0.6524769201457292,0.22806108118297747,0.1543375217271015
0.3260167587568343,0.2652500014201099,0.11971953539001058
0.3249365933034892,0.3227933115606779,0.14770254590152293
0.3331261947785191,0.22676725219534122,0.12671984477597062
0.38897301407043555,0.4116991365295597,0.22141763558518235
4.664467829505037,1.9841764473321142,2.053979278837416
0.3913100471381871,0.23523909542398036,0.1477797153889024
0.29233787467211747,0.19514406070754037,0.10216887602482677
0.4329244993810103,0.1403315857103479,0.08629749170850282
0.5260386885588553,0.4466358484527848,0.18190949199672132
0.40653204499394596,0.3524713699815112,0.20969816451887813
0.5216980517775154,0.37179612940301354,0.20940091611387374
0.3711493989951483,0.26254050588067734,0.1666604767839967
0.5303097216268534,0.49136085418854514,0.20834792499680188
0.35444516642271795,0.2651201083211222,0.13177635511547575
0.6193424487717316,0.4340328283933543,0.277780756859051
0.41197521856362723,0.26152712997107813,0.19724313416970957
0.34020060744985503,0.2483840619223316,0.1734752890618377
0.239974853268015,0.15137403278048908,0.14829628374182102
2.364336582324014,0.833499703676011,0.5782580531016167
0.28377964317398446,0.1906302236221284,0.14231874002889608
0.34541956478775643,0.23669577419369586,0.18132693151513063
0.31340402890252334,0.2775316050597647,0.16841235792558845
0.29161689971251337,0.2280651588112257,0.1510925806591284
0.34656979270719535,0.2836862429069942,0.1604327538973563
0.5525197605371452,0.37592318086195264,0.27653189564035063
0.829919430220939,0.2940735808886209,0.19511842210385844
0.43392966613962725,0.32588893693504245,0.13118043950596758
0.28761825523823514,0.24313322647753458,0.14270692268247265
0.31183234408042504,0.20165961116552916,0.1142606081139755
0.259825389836949,0.18608043054667783,0.12142165990408577
0.6300634744131495,0.44885622251200963,0.2808039680620313
0.3252320054803718,0.22429609806272383,0.1653107406816385
0.986282513940346,0.23315669911002962,0.1490344942324695
0.3222459822198612,0.19548003506775474,0.11624275744160142
0.9567591837733244,0.4707157051301767,0.43947193849702604
0.31059316569703144,0.2284267472922985,0.17625680919506265
0.3664932180448409,0.24478273300898806,0.15355307182655467
0.4295769452880766,0.39757024890969334,0.39235605914115035
0.37434626993666786,0.34804337102430144,0.20202037646983845
0.4039569222816086,0.25677743836513384,0.08486863815003542
0.2518045627200175,0.16106252302757482,0.10939971360793263
0.272221187774603,0.17163008511278344,0.10417748124493709
0.6543784532907266,0.6968094129300636,0.36913219258122365
1.9227734973296853,0.39875443669890215,0.1656836079156862
0.5571179984470687,0.408254563100486,0.27772920587408967
0.2712147521965878,0.201380869750523,0.11995615358086673
0.691307220235398,0.4098584362254602,0.3483254646604095
0.3007679125226215,0.25768122590800263,0.15056150375704855
0.5272978239208606,0.32036663819744915,0.18448552064346924
0.32212093663436536,0.1830355685787287,0.11647915222196906
0.35520859978345753,0.1944133692712558,0.11731835314677744
0.41106569143394606,0.2419302268172609,0.12840244796093644
1.342336171293279,0.681045555165912,0.6914410149063601
0.35949896586336605,0.7543590410069146,0.9113859863205528
0.3226554335940279,0.3325320474665103,0.20057766502871843
0.3470723785315302,0.22065573989239842,0.16595274268716564
0.3578518890635254,0.3364226080851908,0.14576820510650484
0.36727100637156396,0.2570797037161362,0.14069356912195455
0.27552145647008597,0.2221864889772398,0.11824814808769585
1.2324406501878982,0.44467024430915625,0.3722041837522492
0.3612316789233774,0.3313609813425533,0.19949819847975314
1.25688941419325,0.49211584362485034,0.4035801971913016
0.4082999151936971,0.26073137391945594,0.1534125341385566
0.2858191112925698,0.17677360035508283,0.1311759773373538
2.1315930207204086,0.2023263844849182,0.11319857950900962
0.37193885121744447,0.36735894567451643,0.15766306575806996
0.6308272190303172,0.2727751786117619,0.1308203481024953
0.3187057516823594,0.17188855454850407,0.10592216786154127
0.7800513849841595,0.36653048785658443,0.21175146063032207
1.2532671121216845,0.46403444312913117,0.2252069447825329
0.41201933235546784,0.23833372722851728,0.16235394914608664
0.5875511878817319,0.5445104327815358,0.32784155235725343
1.5136956632020473,0.6354720837700504,0.5004522081752315
0.3990064204847035,0.3036561736276365,0.2073132040138216
0.4515873454873909,0.2980506237578038,0.2211505930800687
0.3843763609737164,0.33784512033761094,0.19123442276532207
0.32632050493475445,0.27479565827764807,0.12715549379396426
0.2771871031566794,0.2466764762501426,0.15166299350701642
0.2559033803032714,0.15343743863662718,0.11100387718828332
0.35905927606320387,0.29084142413315583,0.1857786740743142
0.2894390691187726,0.23130333220238655,0.12695708490332608
0.397583220092922,0.5308973533619243,0.4313744141146942
0.5595134873106564,0.464470326975936,0.42041944314271484
0.4758991333089061,0.24022454610779959,0.14603104235274028
0.37524611562382454,0.25148446517685163,0.1144659794551646
0.3402673872997267,0.25050324163340715,0.14354118520247633
0.2776779613046174,0.16321042174608408,0.12894528768789784
0.35918524348392766,0.2244177334221394,0.17388159137950435
1.867184933761754,0.21366759723737866,0.15087179083933278
0.4425438346920982,0.5628242841892992,0.25978191027832576
0.3023158045961895,0.21755768930384078,0.14029580654963725
0.41249238074973243,0.29770756936958315,0.2488102652344174
0.38208778437670354,0.2328026116949996,0.16047803740254635
0.3623148421280098,0.31096526221510806,0.21217728458779622
0.30661379362607993,0.18976638530127715,0.10252902533914737
0.4420175451399556,0.20526973912529436,0.10787936179442986
0.5575848762892757,0.2509996405779343,0.19570036161581456
0.2843964156747829,0.19599889062895476,0.12411397630029308
0.7307622209009744,0.6851748810203477,0.2868930836854744
0.29808434422925134,0.2053448186794457,0.12813931430652045
0.5017444553215534,0.4059146354158581,0.2052535187578279
1.235615381642061,0.7970358822643581,0.5175495695744812
0.25196444358948317,0.18695021893867012,0.129275145762027
0.32356035874961486,0.2435987439723567,0.1327222339671442
0.267369923393997,0.15082292534767716,0.09049640799039305
0.5260528222749281,0.2956430788004331,0.20387155953965547
0.2785889902619023,0.245221637046563,0.11835038726622338
1.0236785891627704,0.6798924374735424,0.49296851540851905
0.22497278077963767,0.12551825245536305,0.07544962010630493
0.26802949421105315,0.4238682704480809,0.3186696781194818
0.4244920495577088,0.27869656502022283,0.2029472334717775
0.8868051162926383,0.6746774919674245,0.41511185813071494
0.41358548837733156,0.37554467719047024,0.20622690766516003
0.28270833571314413,0.18780641388276964,0.13550867080047035
0.31680908708158684,0.2461414089756554,0.15951492515623875
0.45647797070498747,0.19388734327562288,0.14209057730150115
0.3484886347369691,0.1779597622025649,0.10462221586210887
0.5727791435086291,0.48696530315465436,0.39578981456393375
1.2322109787794495,0.40086757204759205,0.340437234935501
0.42276079017201434,0.5225023314789853,0.3516314482518371
0.680867041887354,0.2896819664252201,0.1740655565169867
0.4080194685339429,0.4028395045116854,0.2034179825429174
0.3114461445484933,0.25336275131860253,0.17514230234307276
0.3295114534767619,0.19929444630645465,0.13458143056088948
0.34271770402123614,0.2785392587369105,0.16453597654251437
0.3180694060389384,0.18490091900970174,0.1277563396040251
2.2053852531339926,0.6365088951137935,0.4453851821631943
0.536181886307419,0.30178058139979397,0.2188592049951053
0.3102232220874642,0.17433017551418162,0.10845990138293012
0.33126473420944724,0.3210181530013042,0.24383991247322173
0.364747987749882,0.38475363796745066,0.267943444203372
0.28778331133566515,0.2061436322243696,0.13313101728364363
0.45326091701422816,0.37063822282199466,0.29668970968162145
0.2829719028492421,0.4708929304038754,0.5640841937325606
0.4055819458873299,0.1685043480240363,0.1071648992901971
0.44936204710387545,0.26557906641153123,0.20381833204666977
0.21282546758253013,0.14290522586728352,0.09444052438580892
0.4204004927196936,0.2471586578697217,0.12077061472072245
0.3425015909319843,0.39592752991101215,0.11989438192926369
1.8395442089553686,0.22394200628290706,0.1630636592016023
0.27769848492261195,0.2805386069929253,0.16944418808352119
0.3736826476887731,0.24526365415764456,0.1870361477070443
0.21163683972795705,0.24042724919539077,0.10032850807127267
0.415715534303078,0.27603212602827865,0.15641676922026793
0.3175720922862793,0.28272471041799907,0.12654935635028175
0.28105639659641035,0.1761294466722313,0.12272083877570379
0.31383558759052027,0.22771665789080886,0.11694099729070243
0.3734565672438963,0.26672309114058795,0.13260652493766434
1.4247258482451377,0.43268831403812114,0.31454551598577507
0.3530057258671233,0.20546108064712845,0.12682753726252624
0.4647000704825775,0.39739946768406753,0.3431019506285834
0.2922579326743311,0.17984133725118262,0.1236141346418048
0.26029318418162095,0.2162427262090768,0.12008061601668278
1.5057292795151827,0.7064372173733104,0.5617217356150943
0.29345182721196084,0.29134564214996395,0.16699744865722316
0.3497333452031549,0.1938861440780543,0.13951674725872582
0.2728072197254126,0.21891768376525694,0.18273902867748165
1.4261349109184474,0.6667980846671959,0.6813269212720894
0.40116411544700337,0.3068828106025808,0.19632121623328408
0.28220193895602574,0.267469698903112,0.11150849359373538
0.5979220251411579,0.5267529404600926,0.1717105814450097
0.3464053239866152,0.341768473723294,0.16554364680542558
0.394777524667234,0.34490586399816126,0.2236846755393118
0.3299795522994673,0.31778437514236635,0.24899443935962648
0.46771245895963987,0.2337908018034583,0.13148527468263496
0.39136637397455476,0.25718833614754755,0.14708175488347697
0.5065222207855393,0.4066428075207198,0.35279122805440344
0.5725563724723823,0.36889796338319203,0.2374533744904129
1.9422295758472043,1.9174315315637465,1.4050625183943395
0.40013043430556516,0.2872111828104801,0.17769502150060443
0.37231332211509227,0.22916534298107957,0.17358430727791557
0.6561967991144124,0.3170900614703646,0.25128199255878025
0.44065616378439254,0.33687173157598416,0.20739246696742747
0.566041919202092,0.46946144348560365,0.4535253961270407
0.9319777292992429,0.6899241512854173,0.35624427727618196
0.2560856257354591,0.17000941991658575,0.10920828496280552
0.41022171716918593,0.2738049804686912,0.19996231743254694
0.2948605973977817,0.1860045607983734,0.15472546420385563
0.31869272757390843,0.2989858969515806,0.2185505379927589
0.413087245577878,0.3678728548880773,0.23449565002087358
0.9471269273608406,0.4233708140610767,0.262998331433555
0.23812250026022616,0.5110531526511118,0.2526707431440645
0.4101467738250726,0.39593517730687156,0.298664795534598
0.5147439740552502,0.33271822360486825,0.3416977702626424
0.5654088815768219,0.21522209190180325,0.13878019262654778
0.344139385115627,0.2165882656931932,0.17338172673638175
1.5574776021467867,1.8068308278844025,1.2395633725920765
0.41118449992674616,0.2751958861112041,0.14672631976249845
0.37576674378063524,0.6187572060604007,0.17845329228316925
0.3879355124176782,0.24669823176745273,0.1674084721936729
1.1244799837830157,0.2105546850508586,0.16676518842145127
0.8647854795717642,0.2997967885483311,0.21866342775400033
0.49611047035045175,0.33867834428948107,0.19289802481352686
0.3922735209571635,0.46863880483011694,0.12332397651061494
0.35818439368985594,0.28226964746452143,0.20700173955800866
0.32251735675461146,0.18641387788166952,0.12218606281402188
0.31100979713508586,0.30019634141077617,0.18026473998995185
0.8302716052541634,0.6357759669859487,0.3788012568838582
0.3680418724828183,0.43963630274722876,0.22302272234037845
0.2779461765553882,0.17736015698744248,0.12371657462905115
0.36772021035914976,0.27701859637685783,0.13965460252844414
0.5767754798690221,0.400838804420867,0.2266745845088468
0.3330947420299215,0.20872597652063013,0.16055919470334618
0.37142461912866553,0.3251763340052838,0.16580995866950188
0.2691468110963204,0.1751375315109081,0.09903182547963654
0.37632115173802483,0.2072709910428524,0.1436308150684938
0.4043202025123554,0.5481924689892412,0.15630301223707396
0.32490150847388133,0.21516370955819286,0.17674048526779199
0.5240515306883474,0.24360752677436903,0.16180381266677202
0.32886141176391037,0.20440614297782178,0.15246264261672843
0.2539369645033655,0.18620878863214568,0.12000863091900542
0.26717148937514257,0.2107118418782515,0.15073601560376795
0.3223564762940153,0.19829661678543345,0.13741483711073926
1.9487512892744783,0.34435434853543745,0.258215717407826
0.43796710715600656,0.24696709209478454,0.15784466534490288
0.3341324333256315,0.20352207497808833,0.13575934715129062
0.6716410504351115,0.22078484628624417,0.12135906498307567
0.3924956425524001,0.3045044189798921,0.19977116618944807
0.30150908440104573,0.5481865778124282,0.16934419831761047
0.3273679466058056,0.25309141034110405,0.13426436079736442
1.7187622756052268,0.38789133656546837,0.23150151641724415
0.31790313986755414,0.22819895957863143,0.2202151165935908
0.3903480238054923,0.308933213048428,0.22195572381488882
0.3890677617460466,0.313016781705828,0.18262181384204274
0.4010679010632543,0.45194229692590016,0.15551027061161388
0.36110607855339805,0.25365367476827316,0.15690907334623472
0.330853494755675,0.21839876567410854,0.1477299942857477
0.34026007475875464,0.3229393440888997,0.18525136418656576
0.6318801314786694,0.5014237468190699,0.37205095446683667
0.24965686756421596,0.23818536202073506,0.17225924831994519
0.3676873988000474,0.475770883458835,0.15319747475735382
17.758673300718534,0.30326447388247574,0.14411762993020227
0.39044956820155025,0.23507511126446123,0.12964833868459147
0.8989948169236165,0.7166698730012593,0.5415265626898139
0.4224345222020889,0.2609916882538847,0.13919468394328088
1.7184003045004315,0.5565054240431724,0.5164303988610659
3.9868007936048695,0.8406760593430698,0.8891880998505839
0.22025827583248658,0.2743447940528577,0.12375517318943736
1.4505151875936524,0.18651053537472367,0.11551240248240374
0.2917226675793779,0.23034464086816528,0.11928156410776111
0.310160001593081,0.23289808208750568,0.12718025127563265
0.35285131159094635,0.3328606539840643,0.1592198061462904
0.40670774948113153,0.252227918226857,0.1730560697977275
0.5510899090983277,0.34205226591664595,0.21986032430949298
0.26981730902148027,0.22492580620725128,0.14997813076186567
0.33589136494021876,0.2914794894443815,0.14313618750943058
0.4688823638162331,0.35491135994121004,0.16475774958813297
0.4812789308944475,0.41447092429502475,0.2264377931213099
0.3269476402186029,0.2740647367445215,0.16326283167974426
0.43853358078066895,0.2667633448919104,0.1829720762268391
0.37345836987355346,0.191365561762676,0.1533497809102227
0.38836663663189747,0.4621729805441836,0.18050567435781384
0.5481775106822222,0.24951400902251206,0.2230290147119761
4.536723048322303,0.41697167608760877,0.3053442882389545
0.662605847406301,0.6274684745147184,0.3160528197962771
0.45261494887432974,0.4064687147134828,0.247481976158245
0.4026520525011828,0.4116255231082816,0.1407185729766689
0.41321699698211095,0.3214043480986968,0.22036012094680021
0.3060671214009514,0.17161784298132243,0.1265721541658807
0.3675283637706727,0.21347752689625965,0.16043393503917303
0.3294179910183015,0.3050052067267032,0.1991839549250119
0.3004786707052155,0.2055606011677126,0.1331492566670984
0.2631292989174125,0.29468306344062456,0.16477423786977474
1.608246375283707,1.4268798874262394,1.063272401361553
0.3132323350754686,0.277276166840929,0.19280001069723826
0.34089796925057025,0.20179902522583062,0.13825631665199092
0.3646747636171572,0.26941755423625613,0.182816274483716
1.4819668321335406,0.8309968299981655,0.5693681368343048
0.37690314298072736,0.2279640508087375,0.1394610505152737
1.017262825284722,0.40519441763615816,0.38022641868522533
0.31516141390400676,0.3024021468419186,0.22290909441604043
0.26036572574846184,0.1946587074886998,0.13564700081956194
7.627228422024878,0.21917739786799412,0.14723233164004557
1.3436700148833882,0.35341307544595346,0.26748366816040703
1.3112751419786655,0.6663674806095234,0.532924350049553
0.40942110205703874,0.3271041328475317,0.16730735065371222
1.1459471112048272,0.6839998071713991,0.5086461910780277
0.4075981290183449,0.32789973108743137,0.2366487972857353
0.3122569792575282,0.1691606819968835,0.09957027681541741
0.48025747507264366,0.23528148209572158,0.17844028738543005
0.4096315063523017,0.19226341003331493,0.14693569707467474
0.2870517351271845,0.20840499410206093,0.1353554360965967
0.4878416659164544,0.3116840684466773,0.17479551187035755
1.307449090229139,0.3349643718928121,0.282458775044713
0.4238768541883706,0.4212724422208718,0.14125651853989682
0.18754508642924478,0.14855825582478327,0.10584905349795036
0.3001694426813808,0.30117954552255705,0.2083476447749804
0.629975711192661,0.6120224511328967,0.49473567892407333
0.3300844684367149,0.3000590279442517,0.22157479342096636
1.8355779619328652,0.41455815909811333,0.3516887573803917
0.44658273561743844,0.5418076760864055,0.20677811333652743
0.45877618900584355,0.4256590615457182,0.28377724518202035
0.38112214305484127,0.36590314772793575,0.16444587778868341
0.8736963340952816,0.9912255037750737,0.5956920793917483
0.27297704708570425,0.1862171462220434,0.0918160368849753
0.4120335704275687,0.32029288163327446,0.23892535760863873
0.2784881457960763,0.1651562517401747,0.1223876957216493
0.5853769244736293,0.27156288000739287,0.15518131244559835
0.27425801481707984,0.15572235970779288,0.09796023350743593
0.29240847878590503,0.15233534837144505,0.09865589260486375
0.7205475043556027,0.29788168172053553,0.1720646808927244
0.30027423111380436,0.2603611438878918,0.19937240597301836
0.35364513578141726,0.22978756613582696,0.16677714745234487
0.3674268384621687,0.2393189372755387,0.21179710450513298
0.314377735703253,0.22869393528823534,0.13683026604477055
0.35659395358641477,0.22747873546815803,0.1749800466433075
0.34790299539027586,0.35609571233493603,0.31314853047097535
0.3127156221790389,0.2642097694438518,0.19105166035789603
0.3771029660280544,0.27369628477503927,0.22596668948437543
0.30039925388129207,0.22318360982259486,0.1444959107632738
0.7797453522669793,0.3739296180374064,0.38038362794984454
0.4979915473993671,0.3671517478755406,0.2650560306617779
3.0009848346173387,1.0258323019128217,1.0177993781324468
0.2605895948546098,0.5246235925278595,0.4826599909614403
1.5506218626520967,0.45041859065742373,0.43582182892645893
0.471326410236932,0.41888976684796475,0.1890804840565727
0.32377540512830183,0.23929396784159973,0.1482055239778507
0.9048103141486887,0.6681014634352673,0.31255807663025587
0.2167050245090901,0.24770005142140789,0.12177848366763602
0.23440259281324763,0.16897164550619304,0.11230453536798325
0.3153496349129531,0.20355434887527507,0.11278783752841785
0.29211768873851984,0.1703200493968516,0.10801655379841875
0.2445033033309773,0.15720473426984982,0.09553835812994126
0.6766265871754238,0.3229976010043867,0.26223412033329085
0.46709869913532237,0.3029180301742112,0.15321409442529296
0.3554354293335279,0.2958345943564512,0.26130177624179796
0.369287084461303,0.4741788328328165,0.2864009313379728
0.5794364438167701,0.3622139413852729,0.19340302939297482
0.3688597200902592,0.28680421227640257,0.1496795779001459
0.4020999986676005,0.22824456776742383,0.14423133915550612
0.35266410288155553,0.28086434242725933,0.14211990070808123
0.3472279589897642,0.16377383644892188,0.10718753115462284
0.39662304586975883,0.29952265070190687,0.21423042826369715
1.1808800134674113,0.3731495599185706,0.36427634210397375
0.3036075307458421,0.15747719911529034,0.12649648063235686
0.2905196893436027,0.46174458439359745,0.14246250356049975
0.4982828116778141,0.3362644708534551,0.1860796094532278
0.7755761886675319,0.5113157848740224,0.4113202573290605
1.4529622798116975,0.44744184797969827,0.3084835038332993
0.364468138074296,0.1742460047689073,0.1319883609487788
0.23216211421656924,0.20695764899239966,0.10313712205834208
0.6304023260318482,0.5158259664852003,0.1595536790100946
0.8340018949684419,0.32506496781164,0.26691467679448455
0.31350784562189643,0.4199667277425907,0.13933356552224951
0.5658071381276062,0.21365545951235096,0.15205319039912973
0.37825914028951774,0.3166709994652159,0.21653636505795312
0.33445403327288364,0.23663106968156056,0.09924890362595865
0.35887500194057687,0.2360215986240099,0.16262830114046553
0.382458376466163,0.3142292985828271,0.23642976910159305
0.5030738066599256,0.34362031159626993,0.15345076426743745
0.4439206221313228,0.3366448201857219,0.24428149299568264
0.26056426276263744,0.27571261803386116,0.12216127121600884
0.33764947504084053,0.18868649124342196,0.1496806236996837
0.33366472647556156,0.20712344858555562,0.15276864366334258
