0.7562459726964242,0.40695133804427475,0.3805236373421415
0.7111277647973362,0.4922427873286049,0.42318783744496424
0.4875688149632581,0.3551918365847894,0.31531437495690606
0.936863312614339,0.4461361246086394,0.3547801313593403
0.42171061905868407,0.24281231883144355,0.22611309743077887
0.5300738960073501,0.33921123354081223,0.3047883936399141
0.7333774815952885,0.3871950116951173,0.33048037056686197
0.5791606228804507,0.34484052696319023,0.2942436246545428
0.39297321811100827,0.637631927452593,0.2929219054993466
0.5296110019222079,0.2597362863026996,0.27720446628165
0.5534535036523058,0.682006409485064,0.30752160939157835
0.5258562842461496,0.751052853029199,0.31716022350767936
0.5496007752668353,0.3022835690330268,0.2960879105130807
0.6058559378019873,0.2802439313897622,0.27374746534717226
0.5883134284179085,0.37380741644767396,0.3310614797633845
0.6576299274926326,0.36399683774850167,0.3639085116500408
0.4802273520515711,0.25421704250702637,0.24203940805533458
0.5683126643248138,0.33942728529236554,0.27948827092601825
0.4885450213563363,0.26501150525206396,0.25325926149191114
0.3962474874477721,0.31721656609471927,0.28502690986366414
0.5184600577594992,0.4149313865423598,0.3249359330010102
0.5909709092410507,0.46019746698577435,0.3185634304472731
0.6426360917524916,0.4826326120141403,0.39334234135775853
0.47280322974575706,0.25078980861327155,0.23390515963295047
0.3917039091619711,0.6718916709705582,0.2763074293633626
1.551448063903095,0.5878065288329243,0.46377878562273656
0.6404389471437475,0.3782765491577911,0.32489339892755603
0.49250235384951,0.28211515099375606,0.2667831931781667
0.6274412142547072,0.3317320887789956,0.3095895401032087
0.7235153950296429,0.2988305238482049,0.2787530804550046
0.4731912873860368,0.42611667306013656,0.2824371780333256
0.4823148225246706,0.3902252218946327,0.30533528383037456
0.6390651744018894,0.4534794699435841,0.36422908712147367
0.49817990748821955,0.3122331493941927,0.23809097585649225
0.6072581870647649,0.3223591450823001,0.26136972304076656
0.5236132067709725,0.351027249135624,0.26569753275557634
0.5212988786570018,0.3306265483539039,0.29924027072464765
0.864339120061697,0.43939011044268084,0.416000314834277
0.4052020969760446,0.2829256899858511,0.2393195781013847
0.675087631106501,0.4229740766659573,0.38182910033516604
0.7372748701933116,0.34497157689464497,0.33365113080131203
0.4792414250725002,0.6815541045182809,0.31519719101636073
0.6204873117790239,0.35797513570887335,0.3156589362580741
0.5990484333068812,0.31807068439440433,0.312412545457504
0.4818197211194614,0.44617523748394977,0.322718236600885
0.4798416560911018,0.3075160469222198,0.2756786052380918
0.7665110404717079,0.44958900998212337,0.39211336320077955
0.5642925210448513,0.38155428928706414,0.35375611161678866
0.5082707944572038,0.28565495366665855,0.2624267955258427
0.47822950655459884,0.6013388717929301,0.2450646340098045
0.7226304362113725,0.3510176236212716,0.3377950919590091
0.5373138808229456,0.44994709433336944,0.4127481728389726
0.5950429839381841,0.32442933944408187,0.2947702019945001
0.5318937240231163,0.4324204456853165,0.3330942770417591
0.4656581706129296,0.35089462528770077,0.26970367438806464
0.6869572461670796,0.4056723650203541,0.39356396058598075
0.5181148091338367,0.4055209052110136,0.2843398933151102
0.5645905661212263,0.3410159994883857,0.2863742934168107
0.538922809981176,0.3691668504765589,0.3093738250527218
0.5128659355335525,0.33504219189297396,0.3081347982407884
0.4925641693393503,1.5642497455521855,1.4447095464007988
0.9167263281611243,0.36193490589610317,0.3432053258450732
0.8860882825302558,0.3977318361787061,0.3430719948030426
0.5880755483586102,0.27844737827831867,0.26336258381733685
0.4968760835243171,0.34111113929660186,0.2939303558543265
0.5305203198859582,0.35381125234697297,0.3274583795699329
0.5871344619114544,0.34072159039063904,0.2939998207732586
0.5394786739508715,0.3215055216936189,0.26877607389180846
0.6808732559003625,0.3910662654592183,0.2988776027399147
0.4794661126651295,0.3028142961080418,0.28395795197087026
0.6291489548363934,0.47284032099020323,0.4082299892976878
0.6218154003222147,0.3490382888365907,0.32093813179651887
0.49131039476388483,0.32371615999402925,0.29735763510188706
0.5418542394701102,0.2680593288700473,0.26859573570048983
0.6839030320605988,0.4340768109789457,0.3723919925840101
0.5469392109488665,0.3605918250369954,0.29801699051768726
0.5363548966692585,0.36591452313495304,0.3218779067561832
0.6395137049247521,0.4499282980176029,0.36739330787119595
0.7851546508113446,0.4913432439737315,0.41730385356532035
0.5195281456126248,0.222767438228343,0.212160942995414
0.4772858268581903,0.2901608791280854,0.2587462251902854
0.5623709784168722,0.39696442839653334,0.347486361042498
0.5271693575732428,0.31818663017544796,0.30224197392600943
0.5493680715443727,0.32115542664372276,0.29528021413297534
0.6085848346058552,0.4012439310798998,0.33499915971061156
0.8321892718261782,1.115033113410719,0.46114548270978417
0.888062096622276,0.5061685063667141,0.44257028663605014
0.49940500116770514,0.31158556333306975,0.2701060416106578
0.5414681668282744,0.5914149819448616,0.4910229029956452
0.6311695067164106,0.3644439377769474,0.30654149025140687
0.7036909646731928,0.30851062894686987,0.2791048595034284
0.48310076538317687,0.33061024220436674,0.29703619652176266
0.6254068899752543,0.3794324822148184,0.3652482011685416
0.5145467932903136,0.5618237977893437,0.29252827956835037
0.4747457260644124,0.3012638900293907,0.26194515761909465
0.7337661456683133,0.48013545233084204,0.496318961251004
0.4940006505749268,0.36643413758958393,0.2829038645132879
0.48391004684944616,0.30380182244469484,0.28449825048856725
0.6094047889397127,0.3766626664280166,0.35466252567352485
0.6871068728243179,0.41003747707007354,0.3495929698344861
0.5752548029836472,0.5934055789261987,0.3504232637884819
0.5370692617183117,0.32470693852331156,0.3045113142364333
0.39601373372789883,0.23440978300039028,0.21646357375145325
0.6908359944724018,0.370917577446973,0.31990818825696443
0.594508500066381,0.3581617576337562,0.35066470745411815
0.6479503444794601,0.4440730837672072,0.3737904090080191
0.45787198040551164,0.6433929514696365,0.3984735795436239
0.4826664704139519,0.32340909926443395,0.27951435897995547
0.42154066181591454,0.48069050063800534,0.35574161861301345
0.7783395535882227,0.35335599258973277,0.32019514286085937
0.7417241812086077,0.3895130024389074,0.3090916672347289
0.48103015054567494,0.39394155736377845,0.35937974221045305
0.5802126838896853,0.2833998762885762,0.2554830856865177
0.4525671197466525,0.31458243091795535,0.26776212017114703
0.6740814249945009,0.47955800096791995,0.45226649138854447
0.4242830003255022,0.23995489319536156,0.22433268884851332
1.0553797975636194,0.2683105239827201,0.24693914137831716
0.5576772234058246,0.7115772231899663,0.271467291376284
0.5594483529183706,0.32735791389686575,0.29914197351166805
0.4679286833238503,0.33152583018740667,0.26687405833846967
0.49548429303074315,0.3920973435897336,0.2728492888945045
0.45505687865726907,0.36647999828620925,0.23890132178178228
0.5616187441672272,0.3504621087545209,0.29778447462939805
0.7781191996839049,0.5515423919858111,0.47403487411461775
0.6185671268326206,0.30235440639404904,0.2758427663244172
0.7482133668656105,0.3242900853764838,0.29436308881657425
0.5742743869432684,0.49941568121710245,0.4504102816022053
0.5764511100972793,0.4286974279227589,0.3865964150764315
0.562237642848008,0.42372716667096777,0.32922577823818033
0.528563267688253,0.30051905897194253,0.2656737957183402
0.515198009997901,0.32207013929016626,0.30010747192489173
0.5820072977671915,0.3350007560211068,0.28554281436786505
0.6403768548897395,0.3367652847976641,0.30829884900189686
0.7703745414715804,0.3647682494576822,0.305799108829259
0.47483427384930293,0.31158619955628764,0.3058720217975398
0.522699517714479,0.2541280455241151,0.2559731121809716
0.5671017220432611,0.4453130113757647,0.3124235171093871
0.4201432693777724,0.2949145809436632,0.24555930359524777
0.5209161275794862,0.35296668891665023,0.3084653840113602
0.49774749517405814,0.338485342930842,0.3026446502252116
0.5700609887154167,0.643862827153643,0.4795452149462008
0.9026060643083235,0.4640668175458197,0.38948535945382834
0.6491119253680367,0.23808346868812075,0.23131785693806023
0.6523158596395858,0.4696534113936042,0.33786533787599393
0.48704581026407506,0.3073224592222811,0.2708495708664267
0.5749774489819864,0.2760788284713708,0.2719641679382097
0.4129353562384649,0.2586388195582532,0.2166030571212485
0.6312155028798412,0.3646806822412336,0.314516566935979
2.57762280962552,0.3450087995883039,0.3048282441964447
0.49871189283556105,0.26156017203591037,0.23820001584684813
0.6137531531254813,0.3497746581263604,0.3114414004121441
0.48355655614451254,0.28181309355256107,0.2685875961782064
0.4710807683805402,0.3647015082137486,0.28552646646406526
0.5083266465731059,0.2628548029719182,0.2609423327445246
0.4793330016774161,0.29902008614337006,0.26664750914932756
0.5314450410821905,0.3434281964027034,0.32663396870273165
0.47278914681662876,0.3141706617920311,0.2661203945117516
0.4343694841700424,0.33684945636241137,0.31255535724855044
0.5082827253976028,0.3050002029247009,0.28410878298490966
0.5109267299339,0.42149021762383015,0.35670365359529865
0.7403815802734004,0.48857081200086677,0.46706639633308317
0.47767140275450254,0.27378457014764945,0.2294178927569247
0.81684140270876,0.3748975742005287,0.3285145418068349
0.6860339402221755,0.3714015424129591,0.35075778114136846
0.43460571672130216,0.3654846259572952,0.22980870732589986
0.4314308092980784,0.32926701565006855,0.26346727978040707
0.43126998157199264,0.30871267242733147,0.2880959866345877
0.7115483943723863,0.4169423678516786,0.33921492225764505
0.8750128712743106,0.45820939134666805,0.3973839628926111
0.424732444973442,0.3266574874651473,0.2654248778286689
0.5561329803498434,0.34510307043201977,0.2705983847639569
0.5580944316922417,0.3263311129527815,0.28669459588461027
0.4796936138674581,0.32954446709639773,0.24892278252481514
0.596409716846386,0.2802083480830725,0.25921431860223815
0.6408607413446326,0.38014954941844614,0.32142686657848324
0.5595543627210273,0.3175281720889458,0.28798662009603593
0.5396394106272493,0.75122674873006,0.310819984536462
0.5551868891205836,0.42830421778095007,0.3662892758801771
0.5783864305081372,0.36929982966807673,0.3080437683548196
0.819546004264776,0.3047229838660896,0.2611875319319149
0.5689431655580832,1.759545122859593,0.8559913927131452
0.660822358060172,0.4518366405127597,0.4287033212541639
0.6795914942386406,0.2977272293316484,0.26738444883943013
0.6713282686270097,0.28798799127138536,0.25180188494423816
0.4065379573992678,0.26352528377186746,0.23442792919478986
0.5239510903482125,0.26587828122222135,0.24315764514612365
0.6461029367748415,0.35692784816589085,0.34198206934744757
0.5749329513616662,0.3177094956036706,0.299688974703184
0.7489413529110794,0.38609578173806397,0.34588319917846233
0.5743436678936218,0.3172482803265229,0.26254758987841587
0.7968896956242676,0.3770484096820493,0.3261934031126319
0.5291644809654084,0.3755294000226823,0.3172337632012697
0.5060566676132239,0.32615610943133116,0.29703627209683564
0.46505152379422016,0.287725100429476,0.25615928512418074
0.41691696639977666,0.3688153848593092,0.26899851374598605
0.5468616620480182,0.3495085825114076,0.3397719838664982
0.5360928439400285,0.2938887102936758,0.26626856495266477
0.5670814020051465,0.43547476738836866,0.373138456859189
0.44465872535787443,0.8404765369002888,0.6270682102209005
0.48252816165216283,0.3802583552472623,0.3195200156920228
0.5918853500447379,0.282810816788857,0.27547604125862574
0.9440370442581377,0.4433121933440358,0.3657941060943014
0.4926650545309062,0.27821198958317106,0.2625737779189007
0.7427584284051467,0.27439187234144563,0.257620699982108
0.4957475554062647,0.947954972683364,0.701469052676581
0.4939895270653627,0.6764751953854404,0.2956047629739476
0.628709928649572,0.39225359355340317,0.3059596146667525
0.6280713968151583,0.3361437545928232,0.2865482374488193
0.604360815304444,0.3317236282672908,0.29208464091227093
0.5749913691268795,0.5125149790855201,0.3228379838986771
0.5944840667546714,0.3179605696116322,0.3037576459643804
0.4027613886379981,0.46462721558325115,0.28696113537765383
0.5489221414630949,0.3535827123779164,0.3014051787278481
0.5311369319967634,0.31913674160790506,0.28275927313162375
0.5652847284622009,0.449310847545838,0.3169128176039113
0.4845025689896604,0.706372239362296,0.2826379527113154
0.433238379859147,0.32021669812514175,0.2427340746566363
0.7659029838203145,0.42574229981463274,0.3255413664057679
0.8900849228541469,0.3660243191876445,0.3338857940214983
0.6608217025827245,0.5359132710660657,0.41243452972482975
0.6380226086531827,0.346850660752894,0.3041576056382762
0.5813046912074389,0.35336809259676466,0.2785706214530842
0.35410973602934637,0.2855750484675,0.2353981725623857
0.5068024647314852,0.6025545252531012,0.29753034204391926
0.666977358745547,0.451958903760545,0.3672626716435087
0.9133523932808989,1.9626985359457254,0.9279711363918012
0.5980945772586076,0.3064217330244666,0.2729110480927204
0.7304233315289589,0.31812379088683873,0.2718013170948226
0.4806672783197376,0.2985042331837457,0.24186964938824523
0.5519612981294146,0.7972498947135878,0.38455390313756466
0.6618523511887663,0.28193227786134667,0.27620282629435144
0.5136793559005277,0.292345036347472,0.27619093361242003
0.6435090258753466,0.3099202385272626,0.30447719804596607
0.699903428903887,0.349545899226233,0.359045265335698
0.4535846944427667,0.28260617547880773,0.2783558890920372
0.5445133944793017,0.2777973471582571,0.2566301079012632
0.6401409448233963,0.3424347206118258,0.29210812768643335
0.4546713492024606,0.3254410414015755,0.26225475484488076
0.3870054763130668,0.30703430866929,0.25208097921020567
0.664391661265771,0.4130862229384157,0.331556396285011
0.5748902824820795,0.3658540217542693,0.2798910935734372
0.5532177941054492,0.34338030229516214,0.3126249186499823
0.5341553019183005,0.30784013296128043,0.26736119982857753
0.4608165712534691,0.30164155037499324,0.24125501484413722
0.7323484146011736,0.41950145692516566,0.3417834291517765
0.5471431314503276,0.47458166430754356,0.43699076745330845
0.4414572272155982,0.2233078506750833,0.20971896608519833
0.5247483563384164,0.6724272669674107,0.4308999792970314
1.195268227862816,0.42149573268262464,0.4194817080770593
0.5483437533441731,0.3101546091564797,0.26510230984488464
0.6459602494971954,1.423928836939707,0.8206091189437392
0.4285674358428306,0.2743706404210703,0.2592525516843378
0.5505127178875203,0.36044189010014716,0.31614124959181644
0.4064511362457599,0.27610127142054564,0.25278537940106466
0.602415040292646,0.46100369431125976,0.40756578386201303
0.549898251369677,0.3550647477109131,0.2971886798056232
0.6429770701856238,0.3774167903009653,0.3215511965352545
0.46783462223889616,0.3735886478078749,0.3077721759099593
0.7219310639292222,0.37197497785812417,0.3470385720075194
0.47892789173124595,0.31007817951172917,0.2590611716561557
0.5800288547252078,0.41514959261799195,0.37072744015336306
0.561753055212183,0.31962660179798685,0.29520459164923524
0.6970411715603257,0.3913147281385268,0.3511313735212809
0.7079469241969671,0.30066330925966617,0.2804672446113209
1.0787310979452471,0.7021308950347367,0.5456120980831827
0.9040161768318082,0.44452798355360407,0.414161805166865
0.6550658940707037,0.3832416295911868,0.31495479050795155
0.5075801117859483,0.36110758688720485,0.3188774593922865
0.7885637965547827,0.33250459583344016,0.306623487867159
0.6433216381032172,0.3597284279032049,0.3019933806761142
0.565961864191162,0.31045711099648643,0.2901209086982969
0.5095455770880486,0.2783140204476242,0.26267682941868975
0.5995520939203054,0.4274242135032038,0.3108619252753773
0.6306550031120336,0.3288908620184034,0.2726718435346427
0.6230962335990273,0.344404807616857,0.28453728269285705
0.5378183536318335,0.30752147883397574,0.2807245185753294
0.8595590746195856,0.3939795994254719,0.3660160817538127
0.5324108666623582,0.4405177136481524,0.29304991437211614
0.5136603687061779,0.3225195553753068,0.2700320167137604
0.4512746397639801,0.3144482718711542,0.2950588502655517
0.5344361685467398,0.31653551710656985,0.28543039969763545
0.45757744882220813,0.32961047869007243,0.28922515577523533
0.5837992301889017,0.29377218204849087,0.287206530664473
0.5504932048155,0.35628246042894196,0.280119673387291
0.43068357345809505,0.27839901105483567,0.27415102833924565
0.5433111407126371,0.43732731736941305,0.3138484681160991
0.5742654160348905,0.4209918772855462,0.3891310118773347
0.59497437920083,0.3389648711931776,0.3080105384117813
1.0360399591088325,0.5017673216199732,0.369585175751882
0.5306638680130752,0.27817738786875323,0.26046472548588656
0.5984167602483367,0.5364947117492314,0.32441008608919275
0.4572906787787745,0.34528403364992394,0.30240516781087395
0.6151470995649682,0.39117267332214845,0.3358562455491185
0.48144154152536045,0.5761108446425884,0.2175598412999296
0.4837705092688661,0.26958812378419783,0.24382837284143968
0.4533937231363473,0.23550771943779633,0.21483767400272974
0.6336240672278678,0.3410506275766151,0.36548953598640355
0.44115225549137127,0.2789213661205747,0.24827035929174385
0.5398440923222385,0.49739610985063215,0.38343211565315083
0.47082264621952363,0.2883775547225736,0.24224173680239655
0.676536887735355,0.38018666025626435,0.3332735101050031
0.5096691005426992,0.26678564059135557,0.24819349542235214
0.728798536567824,0.7405172346066317,0.2780214108761301
0.5100282875913987,0.276719748550958,0.2495387945999994
0.6294978904781472,0.3799102125356837,0.3056029354351113
0.5844555554583405,0.3259036992991917,0.29454903632516105
0.656050409264598,0.41219321721563906,0.34749907134219565
0.5178509453291027,0.4871271581178983,0.24128258824142285
0.8635481395578665,0.3595068535427184,0.33908062180369086
0.6476757225341333,1.2857206992221784,0.8664719252477375
0.591167302211538,0.515253841311507,0.3831497485990204
0.5088003005120041,0.34485633980193187,0.2762745403145
0.4096257698087922,0.27940442808015875,0.24948721528708268
0.6109227780665724,0.4212880440524913,0.35551005994912305
0.9626346542395972,0.33070384527383945,0.32763371830374355
0.4705689308427591,0.34411151645896376,0.28036656492939294
0.5214330657242046,0.5505531870936791,0.39760621910739946
0.4473314460686195,0.371522967621888,0.3742080487840763
0.6358402319641973,0.3600174063341659,0.33560698257873023
0.7382953914062882,0.3444655751351208,0.3193838493308713
0.47622874025377976,0.4164485410333636,0.26870127628236884
0.5283336347202501,0.28800211942929654,0.2633637896768947
0.47184586728951367,0.2992756947330839,0.23108255630134078
0.5576479114725093,0.39743697768801145,0.3441385176724253
0.5328820758483966,0.4440513258666571,0.36025137168492627
0.5701179044299423,1.277107580649032,1.0960227060633025
0.4754372462399534,0.7835667491520049,0.28275459979833983
0.3977010610597096,0.2528914794474087,0.22230392508178826
0.5187786317565425,0.3166680824976209,0.2815640270597999
0.5971837473898993,0.3166948544087783,0.28691429027517656
0.6880543857359545,0.41267281393772376,0.39821019814410374
0.6542154055766694,0.35204575323789633,0.2856681174861046
0.6245029147213463,0.367619223272123,0.3437074991486879
0.5232287368778975,0.30077157324489806,0.27466391521864253
0.5806161425827925,0.37029132405595455,0.3263110169561304
0.6518406162111183,0.45396748249799956,0.3998565925335485
0.4342109515315762,0.2802460603976121,0.24043630422535608
0.9791783395923719,0.426166055066319,0.3596414167027165
0.7702047091414173,0.8877255046120016,0.38591656541196584
0.6628729426983644,0.3674082834034886,0.3210924701963363
0.5426511327910801,0.29983643871507903,0.24022527492808926
0.48959448166229974,0.29765233146514003,0.276599627613632
0.5966778671011121,0.3638244447178179,0.3118668822489331
0.46629724085483326,0.28127449531091664,0.24888383052530708
0.7805408607329845,0.35446337450825166,0.3080903259549531
0.5655979515107474,0.32421234265847887,0.28772346286639816
0.9905613959996766,0.34408494959092106,0.3216156504576223
0.6475999213904422,0.39627969545647757,0.3649989802545404
0.4341198442601267,0.3244007392883477,0.2509779872919792
0.6139688511584798,0.34945007711037035,0.3156885953622117
0.5311847879723436,0.3736302904738894,0.29636497418703
0.5506369873986801,0.7051481926796296,0.3411792344307941
0.516758212666505,0.6018965973807442,0.30674017058389513
0.5120379389897945,0.6884061559089322,0.2666372210667164
0.7169208684828159,0.3636965527310947,0.3163202391767989
0.5742620020514144,0.28522356420842254,0.24152869193310392
0.5938757871590898,0.46995483500442137,0.38631870742266033
0.6368411830181882,0.4417458873292077,0.3794872610464618
0.6552778955933621,0.3515242388368966,0.3207670894218771
0.6277556158281681,0.3769110874975877,0.32331235209504355
0.4451142599059273,0.3347013772515863,0.2738922564612926
0.5410331506426441,0.8242371572041159,0.36040771335894517
0.6781649230513089,1.0453399172580302,0.5083935737408052
0.46305422061265394,0.2831986946205042,0.2505017060964266
0.5339176862676848,0.3644327615799427,0.3415610142708445
0.4217342019386202,0.24611494461381594,0.20425340029681863
0.8653736894348124,0.358034999399307,0.3134749213913811
0.9900388809295187,0.4777890689196038,0.4147778247042342
0.8309681519255224,0.5310135083841279,0.4457447524944159
0.6098788202435543,0.6939222288147765,0.34030693861280525
0.5231478257974276,0.5737966333473039,0.4388246361464149
0.6507271124958569,0.3601942156503841,0.3185737001900999
0.5531883542162592,0.31905157673627027,0.28168529989619473
0.6808938793209269,0.32291788298580304,0.2958417706854179
0.556221680059972,0.3025143084660788,0.28633101031908764
0.5493489746807172,0.4166071391244661,0.35640625475021037
0.48375082664006525,0.36042249891441014,0.30615090919138477
0.5910757381028435,0.3308980529257662,0.285551939030439
0.4354378947552505,0.3150666163193466,0.28357994975131395
0.4770752816698161,0.3166537334444669,0.3067265675062081
0.5408871590416024,0.9050630524971414,0.38613945988109427
0.59724817337839,0.41338919910175076,0.30768111861170117
0.6283778367291948,0.32923333579593445,0.3035700008635358
0.4934713403246254,0.3636816515905785,0.27185799673553507
0.9051126927267001,0.4057637251365956,0.36790074053265576
0.5875148939964971,0.3346480881215173,0.30712016083837523
0.5383987194025832,0.3040684265468213,0.2979697350861962
0.7055000541970972,0.4815777124812615,0.3972685051337792
0.546776415313032,0.3839771066462937,0.2848372319549817
0.5145329794149571,0.4118458167455227,0.3055885024625481
0.5237009721143717,0.34723829107344967,0.3230276770536916
0.5876344755180797,0.34612334746711804,0.2929825388808841
0.6099673981207772,0.4098519664691761,0.3474355348660434
0.46528765487035684,0.42941716420551235,0.3534114300495774
1.155906156444052,0.4014027365004196,0.3423800281622601
0.6629539638375403,0.5162914724512511,0.3298451607182678
0.5286921178429763,0.3050785747901379,0.26391698652832185
0.4257750700976589,0.3155202322115712,0.27008920784898366
0.5489471257190974,0.5322915317348981,0.31692296493201755
0.4703160422032154,0.40645109124986867,0.26950849712900904
0.5742754979270435,0.3083989942135849,0.2585709713541387
0.6139222193475795,0.3994549857028198,0.30335780058360257
0.498709668890089,0.44965964685789606,0.3170552284486991
0.4913311032616219,0.36316290523898026,0.2921601981173293
0.6526883480531183,0.3948314586893668,0.3316937858606288
0.6401857025961588,0.38420967680636076,0.3683501074858416
0.5405360181203689,0.34590984156594595,0.3164872218547245
0.8402084263004701,0.835253577281357,0.3755099865705041
0.6056134713580346,0.34499658289546875,0.3391080866457623
0.6866395918591051,0.7560635444477288,0.3725299102812813
0.4323693493459544,0.26993368714682775,0.24408343015071468
0.5209729794559536,0.30794257260149765,0.26822806549907285
0.611030656457618,0.2980031767333232,0.256855110675731
0.5030826617730799,0.2810592363717803,0.2477420995573411
0.5851388266286003,0.3347362814252792,0.26287677350291927
0.6103508965899591,0.3622975257435066,0.32388382703461865
0.8725346188042405,0.3191052603904438,0.29701553695768856
0.6275595008527253,0.318319745534795,0.2676305514014064
0.4805760693536293,0.34455901168687464,0.2567384180260585
0.6724572211768619,0.4398848603610288,0.37054302963172187
0.6938240550602115,1.342059887777288,0.5388125682454098
0.5873922265078078,0.29952041774297083,0.26170697137133
0.4667414401987371,0.3202801565987575,0.28513610123280975
0.7426417288044727,0.30829981245819726,0.2770927994166664
0.46858548464823246,0.273659189464274,0.2206258214754433
0.507045460572263,0.428492433984655,0.3551694177218182
0.83352314710359,0.46053244065950655,0.41413785643838236
0.5800035198652895,0.28794697172145706,0.2560015337857955
0.5354383631581199,0.30028202952406813,0.28580053726521315
0.38558399732587034,0.29317091205077694,0.2261597739664566
0.6417066640172759,0.3401519807297966,0.32215900229647354
0.48634692573587085,0.3470951496963316,0.28563465099358554
0.5073608450309355,0.35323994639957823,0.2953346212460219
0.5519637769968426,0.3583496015607004,0.33440320360674375
0.43565808070850304,0.2179296195837972,0.21650689580217214
0.5276347211719133,0.34640453391026105,0.27214516823371016
0.6418019637031088,0.9898161101141276,0.3341895475235014
0.6382704293750852,0.3444079342165439,0.2824538972745039
0.6035494014072158,0.3062069372730871,0.28084899720087486
0.5090314219880152,0.2971936940056588,0.2556779901593469
0.47669246327007,0.5596634773145668,0.25295761827588936
0.43550927351377505,0.40275523358461507,0.37901128909407145
0.46264785373546546,0.3094967543919612,0.25109816135944363
0.5195514831327762,0.3217557541913374,0.2864191310693345
0.5557270669285919,0.4060266730207543,0.3587685692213706
0.5618870165349388,0.33956268310137083,0.27912813749391363
0.49922082010722146,0.2608364791992192,0.2470920183413009
1.430347943472599,0.6695487636215098,0.6373606845480257
0.496009879303429,0.3360144533854061,0.2928226452842716
0.6419212031091948,0.4082317988995098,0.3080302541605797
0.45050092247785567,0.4016407043848157,0.2870611154561639
0.5562508174173206,0.3765058613954899,0.33255808678955334
0.6080252226091061,0.4097895588232181,0.36191802191584443
0.7942149545924637,0.3362859020213911,0.32681129627431305
0.9432331577679377,0.36676139628683757,0.3357263927739236
0.5887981313424071,0.29237973932889505,0.25673812638307814
0.6690986567125601,0.3410158548347184,0.32241012656820023
0.5265726892070235,0.41589907590676306,0.35211497708399403
0.5276049233612674,0.30385306439744514,0.27464690415542686
0.632249053775346,0.4439991616243393,0.3852726982216964
0.7129481481028959,0.34464420352606595,0.2959851673238614
0.6840849539780889,0.5216614344091316,0.44775160932216196
0.6314790450572347,0.41108178654068356,0.3652789258850885
0.5641929716702008,0.25684700943409067,0.24146249552645832
0.5102052949168364,0.30967317871405964,0.3042949367690412
0.8728471636064911,0.34511416258927663,0.31267035520477887
0.5641451495884131,0.3459039376734136,0.3195515154715576
0.41268618940310686,0.3427364810554105,0.27261023083854075
0.6457144033715645,0.32651611560062416,0.2889995615148221
0.47375927403173124,0.3104808548027171,0.23917622804561414
0.5820095488311532,0.29002563680090493,0.2663376556468756
0.4409667921691272,0.31387553137802393,0.29921730810643044
0.5448980600099187,0.33845184702860676,0.29127735166617996
0.45978626675814677,0.4136683152918745,0.3469869522263679
0.516746766081825,0.31745726097640137,0.27664632265914224
0.5434827104402835,0.36471486934175446,0.3171573598510496
0.5512462405107379,0.3289342713707005,0.28967344017535634
0.4754793198729786,0.3240920795149595,0.30797693815282545
0.538042263203387,0.3271777976106395,0.28063803164004997
0.35338258550064783,0.244555053628669,0.21081803587698333
0.5003891602032797,0.6919903687020936,0.3099000694845622
0.5985388422187925,0.35959473910378764,0.2856960556876975
0.5106561440298202,0.2957741900301184,0.25956984338916245
0.42135033710082614,0.26510036042445273,0.22972084644408802
0.5726236679197012,0.3028245317374798,0.2626794666899953
0.3806053255040712,0.27445487002164715,0.25098478795261614
0.48833328198402814,0.23743170757931856,0.22800876939559783
0.5628070915132692,0.3280077710523098,0.3105055011623564
0.4650595890697455,0.25564551728637835,0.24498295244375448
0.449106477956146,0.26026235106418993,0.23020140195582642
0.6264560334817018,0.39881815522371156,0.34312935865263405
0.5853772444622014,0.3609000217614904,0.31002823932166484
0.5149158063864278,0.37757207660023906,0.36353417112885705
0.6091018684559383,0.38246285495606736,0.34869026900841205
0.6289513886812168,0.6088634531477659,0.34533694399249604
0.48246233604018973,0.2864044381985258,0.2872933001093539
0.6773865024778184,0.3409688126032171,0.3006355656931095
0.943149842405336,0.3366054134230171,0.28768269849319905
0.6810906597980483,0.280833937537271,0.2522846044881611
0.3909477177199745,0.27569998266421947,0.23353622702944646
