0.03351551580784362,0.017677937059527565,0.012552543493202648
0.03526137865940475,0.021102943384457364,0.010811486862001262
0.04281312904531752,0.012239975038611944,0.010068557356863945
0.0336830988194309,0.020988487221795953,0.014856326659387315
0.08173170046080866,0.013743119778600614,0.011243541768884556
0.029546563687826648,0.015535627649585144,0.00874138926192343
0.04765269496432811,0.012002570690420603,0.009188782166694873
0.048217274572512105,0.014922890165039726,0.013212098900573257
0.06832642577719278,0.013704648782652847,0.013720442660945083
0.028757505730083087,0.022304591587791897,0.017250079470542082
0.046397051901329325,0.024716022477897268,0.012581937822679743
0.05117045626887262,0.012688824323491874,0.012512945735989635
0.02739673104397508,0.020576758187156978,0.020720561893427088
0.029376213098536743,0.012476016574196537,0.011736084400871906
0.0367141651009653,0.016949322641038014,0.011494762643301976
0.02851968316966123,0.013612622500628327,0.011106922438346822
0.030192530713842917,0.01789310935575624,0.017637692489905668
0.03902832138006801,0.02001499619915665,0.01042636455963451
0.038368361691686656,0.016718737380919675,0.012501071481610598
0.040956744859934356,0.028721191994598258,0.013946295892446548
0.03426326964890637,0.008844210441633703,0.008642809134344785
0.04486760709609204,0.012016417089060476,0.008721780526826817
0.03525527544141539,0.01733537174085058,0.011643413947628883
0.06710583971378181,0.018919452739691145,0.013294272266653268
0.02801749606922737,0.017033208942808555,0.014968736780535966
0.05177295995001914,0.03483135121675161,0.020802783252394104
0.03370936367771854,0.012753977928461495,0.011475097011088762
0.04747206392007404,0.021117261485347396,0.015896683465420464
0.034595857674857455,0.015111355067503413,0.011226517047374322
0.06073636656123027,0.0285742972455836,0.02131861582368143
0.037192259567475135,0.018236817116783856,0.01539787846886005
0.04627829275875259,0.02333574080615043,0.015355465377244302
0.03134507260930287,0.01336190308541507,0.013794251930267322
0.03785470490560129,0.025593659790031188,0.021170695519657102
0.03518101125744013,0.011406870083085316,0.009733118610303869
0.02831187582349881,0.01615407936398682,0.012292357811941362
0.04112842020306201,0.020708625116013513,0.018474198713947686
0.04356559857462223,0.020956976506164585,0.015371137315994248
0.0469310150657475,0.008437592231949936,0.007898461867090693
0.08359721134844406,0.021121983977930015,0.01567601105712896
0.03405388174136622,0.0169937825670761,0.015154215160539677
0.05043610536828068,0.038543917881311576,0.023809268619824398
0.08017384453206626,0.02149431088277992,0.007920128346362052
0.04292303176898608,0.010905156894352168,0.008849202817283333
0.05106323751126708,0.020875860952578967,0.013244813616965202
0.02599610463939598,0.0075762512466839545,0.006604160399537202
0.07252154428705236,0.04235513861816485,0.015516560266851644
0.053575144689891406,0.03814821255629614,0.01581663116596524
0.07460059956688234,0.02062438541857215,0.016406220923633988
0.09330750464504234,0.015680264625046535,0.011882792215720235
0.035973478705454205,0.009515424038075064,0.007446477458278127
0.038089308496263366,0.014658796419415074,0.007624703044542013
0.03039497361919573,0.013050974123955355,0.010163214085931615
0.031069580238753725,0.011160535314426213,0.008835731809586314
0.03504294976749742,0.02050895045226587,0.015438184554035533
0.03287599544311847,0.013904891036123185,0.00897667694142618
0.06501689858252854,0.016295441503307233,0.014729356388438326
0.03460946543780721,0.008852387598530506,0.007822564718101608
0.05253903166753485,0.031714353449656216,0.021378941146085954
0.04625963136570972,0.04532732905899073,0.014742186535084741
0.040305845300783086,0.03139595866327167,0.01535239653408569
0.10217873743190772,0.010169086866570505,0.00871213730256678
0.03680709770391641,0.027725810253337462,0.017383846657395657
0.03166695546775397,0.01057540215004113,0.00858472862217212
0.029051765836958853,0.012022643450075365,0.008177895632495328
0.048645349664142246,0.0347475928011038,0.026466941532188478
0.04449595241121454,0.022655425040866147,0.017156516443154024
0.03152885660427378,0.00806619510423238,0.006953340342067529
0.045703214678099936,0.01735002092813493,0.016716256148707583
0.040112026662594585,0.019870497193078346,0.014530916183653594
0.05144062046719397,0.009505824617726005,0.0073856923138944375
0.065528859602001,0.01684510327810093,0.01621295144407242
0.029025849529175387,0.01120966938336663,0.010632608870040756
0.036221107957396206,0.009268128250715166,0.008666206749986772
0.05076051343770073,0.018577072875791283,0.014015266791937498
0.053378332185293795,0.01881879905959618,0.016159357043641145
0.06537405365054492,0.02917124927083904,0.020978509669213444
0.04970162935225173,0.012845270358105433,0.011537266446331013
0.054212112879493415,0.013372438134040425,0.012422031468912458
0.0472318537687617,0.017483744087447017,0.01434563689533027
0.06514503944485042,0.02568042226844481,0.015410970695146929
0.11416083639894048,0.021890847051433397,0.01768922378874248
0.03683368415361226,0.014997078230222585,0.01165440846399537
0.02369460270515726,0.01591357362709939,0.011436308855679334
0.08198905331213321,0.023513896545100846,0.018877450754675392
0.04972278654870746,0.0216065379238055,0.017924386091981763
0.03053577500254885,0.01637251016896339,0.01285939886853392
0.05146600279001463,0.016600819140967053,0.01593183782180009
0.057029622051872245,0.009253366344020679,0.007397370358733234
0.028159082491179564,0.022221085171442664,0.01314457486580643
0.04268015815480772,0.016416243300391573,0.012475571746527915
0.03887923394326911,0.014064599702056741,0.01252532127695882
0.02879961084924713,0.023637831996715035,0.015369157461081844
0.03095128877088515,0.012134693881964762,0.008863662883782817
0.0456600024778505,0.015333323567650804,0.013281883359409604
0.05619184783697686,0.018412973344005667,0.011724448072914074
0.05727127986538559,0.014049217777158307,0.010777938432605726
0.10794914411781383,0.020924876698294532,0.01675337668813124
0.07907566515576829,0.012835977222406376,0.009695236214640097
0.028445933983784907,0.009898678091942965,0.00831122775929665
0.03407647625109725,0.019259840912894337,0.01351092778392362
0.028691737219781677,0.01086451727200719,0.008526908051231342
0.03284485728949299,0.014243177636905104,0.01245029679446277
0.044374635272614454,0.034278298169589126,0.010479655494898167
0.06445779398555929,0.018824083173250086,0.016820315609337083
0.04293157698185081,0.011931040547308473,0.00997656347729161
0.03338827389203573,0.013426068535662802,0.010393052699945098
0.05087841498591323,0.011639755650296742,0.010564574491343515
0.057720358113521573,0.025835294404946557,0.017494269229034222
0.0903569414343588,0.026417046364482506,0.015980207899242087
0.03267464701241027,0.02043471621159554,0.016210255420038715
0.03713255218616174,0.019911538292791006,0.014482254851649846
0.02934498959980531,0.01575927871699291,0.012697500332548588
0.07133329599661713,0.02384024393357078,0.017881945573182408
0.04143247517154219,0.018822492770209732,0.01346830861040203
0.03674379144366778,0.01081095092734061,0.008429791825533958
0.055561800563124916,0.010661978095368386,0.008420480868809695
0.04906797524434502,0.013851011394832163,0.012040923314836843
0.04704903758217335,0.024989512522330545,0.02022984535054378
0.028449695634143887,0.018223573727507696,0.01199824043924333
0.05478523256970888,0.01641379708938005,0.013735718736454185
0.04729117646277794,0.013152146188835177,0.010592242091397377
0.08929475692661165,0.02133890292530852,0.016014515312098142
0.061880899192077655,0.013600900299561444,0.012571035541130222
0.03881017479069915,0.0118823217417313,0.010149342338242204
0.02857083051274078,0.009869045178274687,0.008414869474633631
0.03803463515975506,0.03426223477721804,0.016050822612853455
0.057347813883724924,0.026063964593173016,0.015722703275076785
0.03429963581744372,0.027070364939815773,0.01875568150907101
0.031774915153102226,0.01936029127559385,0.014769863878373661
0.031838024736777354,0.012497503027949164,0.008754801473263726
0.06018630519366617,0.016089261971722245,0.011310702181398699
0.04532550380632638,0.02636976232277858,0.019944555991898247
0.09159330575186356,0.022642616269609048,0.022223767955123278
0.03454362863369306,0.00949232168264964,0.007916639145852285
0.036498512509606104,0.015031652877939231,0.010701715400518242
0.034869925517346426,0.009751906693306892,0.009247121891733271
0.02916601287714636,0.013124514912194636,0.010659993311986679
0.07985244044538169,0.0246256909701892,0.01761191629948483
0.03581756071887446,0.015154178686591021,0.013410031329366117
0.04234756249933228,0.012550492773646005,0.009347927875510462
0.029542260826736708,0.0093880147551829,0.008601010080838894
0.05286746140230693,0.010810545568946967,0.011042609692600652
0.03605400305629773,0.015447460394856598,0.010496891784921754
0.043982217352082235,0.01989807552794043,0.015514641584629792
0.036066966888625436,0.01946149550799874,0.011689417400285456
0.035054743804163804,0.02575155272370254,0.015384618006826938
0.04488281286364457,0.009317225358938561,0.007561487857338133
0.026520779825742725,0.020493147618468956,0.01313644081574511
0.044488775331942676,0.021189897935288592,0.014386190831992392
0.032890121543626416,0.013628226344027496,0.009815386402778828
0.04511352609414636,0.02088981078616139,0.016593603036636165
0.029023764786993464,0.00988378703803515,0.00927981781821089
0.03592571049779957,0.01747489271874657,0.014062195904337885
0.05786923639596771,0.022317807216732252,0.021764716246035837
0.037921273559274604,0.01445808907111436,0.01123022820859277
0.0576265352714329,0.010435544675495385,0.009111878666337649
0.04984284440148776,0.013359319600260036,0.011981304359817833
0.03510834150152982,0.013286157087272082,0.009399608655965359
0.03395696457107589,0.032891398985565055,0.013707523646839154
0.04326192575976206,0.00865642515823741,0.007367080213418645
0.0407443042812104,0.02308306902526998,0.01735183141248625
0.030870975067206,0.016645122881579204,0.014908411336495207
0.04096124560457744,0.038220798138535385,0.025912835278055005
0.047857509952785496,0.016248002436642376,0.011866879774128557
0.03178128537987876,0.00948359375021539,0.008188840432829707
0.03717082704012371,0.014859686735107638,0.013788998229999011
0.05295938441852183,0.025462710964383902,0.02139045406295862
0.03397391425081015,0.01496518629671617,0.011327467951602542
0.03729141086996211,0.014094194759506126,0.012144288337653332
0.09284685729382292,0.017013676087384164,0.012246505919432561
0.036678938896687927,0.010610034240945532,0.01014295264835298
0.060181103339409805,0.015120069305788816,0.012747732532765068
0.09368933654173088,0.0165011667729864,0.01312312419545309
0.05116356696436162,0.009861450705314308,0.006508493313239665
0.0690080511961571,0.010286329612036986,0.00968958701911533
0.07808004731796116,0.015507979122047853,0.00979858789582902
0.02634252233440461,0.008840839473153297,0.00743370741700333
0.03740341881377031,0.01857937011571154,0.016463568159400793
0.030269277043166804,0.015887456787191903,0.012684521234747972
0.03229124059118135,0.018452162571164353,0.014409948085879733
0.0491496240706899,0.035858568227243155,0.018336800044524596
0.027810834653377168,0.012146640776469436,0.00863001648072867
0.10877084458631243,0.03430157631282921,0.010796056451876939
0.028652565206380383,0.015542736977245723,0.009570889161733778
0.03304932781123072,0.015698140371268085,0.010501677491612443
0.027410012441892846,0.016954332395083593,0.014202912933114986
0.030753514679247668,0.025442881352870046,0.018185363714168894
0.040671258236528465,0.02333253762784261,0.019288482163295595
0.06498011649237294,0.015407732771377438,0.012996828431880896
0.030404371377782836,0.026265642532340257,0.016214242431174107
0.042196547460583184,0.012758790811547932,0.009947215555365731
0.07368248051508336,0.021246288508011524,0.011317127134910312
0.03673222862672065,0.03274826811479996,0.014526322223854428
0.028976777339525004,0.024055637661532483,0.01737518455393661
0.03978213495559896,0.015507239741453339,0.010986253506934301
0.028062884529443548,0.017520853025424523,0.016487310256568105
0.036429788437527644,0.01877203492788076,0.012949931954169481
0.039918967748161616,0.021930212373397727,0.015915010545665496
0.03303725070830958,0.01569900291958424,0.012582541506125474
0.029285718490787576,0.018691949799104355,0.013357853893961174
0.046271966158878124,0.008951853747639585,0.008308752296253774
0.028055877283491484,0.00995470834069209,0.00892095758258533
0.03066641675966399,0.013982735099211557,0.011152465791981692
0.046689049298325666,0.012426818583662283,0.009644889174197861
0.038633592157596326,0.01661196035945163,0.013359346354891787
0.04016043534146289,0.00986203210645679,0.007253806598119771
0.07033870921604674,0.021441669105728714,0.014920059939283633
0.12374545484941604,0.016910314308374703,0.012238827140672244
0.08103874871522018,0.01580541702413983,0.011527889899794901
0.04606733302517005,0.01495526146969597,0.013638949554950885
0.04699382143297079,0.011749030720964813,0.011035837922009697
0.030052511151355262,0.025105887891090146,0.016038782698978793
0.038699686088432314,0.02159512529221783,0.016783961502847736
0.04246790721773894,0.018795451496873936,0.012851475411155694
0.04096730751869501,0.014094131754074906,0.011411081054718306
0.028559416981660157,0.014395499644221064,0.013347350277631854
0.03875614888809408,0.01442502687466116,0.012658766450309007
0.04256228553035314,0.01877191003480954,0.015851779014276177
0.09075337491564356,0.025979409805467625,0.023438313508892493
0.03625157662471473,0.014868761427119194,0.010866592097202352
0.04902509319217025,0.025678748643579136,0.014472348802494405
0.03171872348455908,0.01517770648390292,0.010270092788663563
0.03975822152296428,0.015624867363363628,0.012273045445865025
0.06821530434206352,0.027070687717944176,0.01950440490899738
0.026962128818876104,0.01210744196385646,0.01003968417102009
0.04420796667778458,0.01917947707706752,0.014630180327488349
0.05262060241755146,0.014406068370643834,0.011139777366935756
0.04365321977274065,0.014364128427286986,0.01042432142774177
0.06294715139591722,0.026443138349261056,0.022069538694106335
0.08150736573560878,0.021126580637738743,0.009807596241327292
0.035066048560328064,0.010101463909047106,0.0076717821714678254
0.07982682401253821,0.02667812578774181,0.02074289193515779
0.039109786767483556,0.013914779585249497,0.011040893020937526
0.09660420093869446,0.012301044286263607,0.010677191868483895
0.058790993678811285,0.013742794162660355,0.01030999188453547
0.06229940903019014,0.03180144800088786,0.02179106979021505
0.06777211488923007,0.01141672781499643,0.009710686207885453
0.050070021351995994,0.010832522108146572,0.008422572440611436
0.03867280182447881,0.023456545095118353,0.014732300685749003
0.03193905432403004,0.014036931192781134,0.009452631227843122
0.07430272808244019,0.014063343447397056,0.011419233556190445
0.07991519386230556,0.01105001529812829,0.00998604264838138
0.03604262630567126,0.017647050315237736,0.00995440663462195
0.04460393242356432,0.011987607673573483,0.010704540831503892
0.03323162774198912,0.024134294106116012,0.01687886651802425
0.035495382372421,0.021748910281918762,0.013695382501685109
0.032819763036495316,0.01600510131222483,0.012487785890271028
0.03781274720497322,0.01923331367467816,0.017080352722878098
0.034148155087772435,0.011165524509493426,0.01021482471529824
0.06220435945195758,0.01672435834100689,0.01457533075809729
0.03840710125974044,0.008783406605260582,0.008978438954113982
0.04559765061173772,0.015818463460559748,0.01448889697512165
0.04892231270322584,0.023383193939857654,0.013992399880139212
0.04790278367347529,0.014166717301796354,0.01147964033058367
0.034680174509056194,0.023417547999955317,0.0164971077205818
0.04686183193346957,0.015098786393227398,0.013105716533384255
0.028287405552444786,0.010426397403025086,0.009248155329042888
0.03917488108576249,0.009083889100759199,0.007984955707106039
0.03463477631112945,0.01722765795736183,0.013508337125358653
0.05404629792718829,0.017812771540562156,0.012710625084311651
0.040506670046701575,0.010034977012818263,0.00869889110260325
0.04867442615687098,0.020995615282378186,0.013117654402169818
0.041355521963677706,0.024778322246610737,0.014253786386198872
0.034289008114555576,0.019050809452303218,0.017129187821089943
0.052637439693087346,0.013064889217945862,0.011518900259132625
0.047981062932688646,0.037588003744161935,0.013300363410283851
0.05215897514055251,0.035264711271217906,0.015557316632497941
0.044170353169757204,0.024158870586337478,0.01048970205366384
0.03495263983518461,0.01043467982553329,0.008884436930767904
0.03441664265127825,0.01008019494913239,0.011860436249960584
0.03581551098336881,0.014376639954090276,0.01126723637926054
0.04096003346333132,0.02576568094803241,0.022377883157416137
0.04863531663973651,0.02681804885230104,0.020642617851725532
0.028121666819722724,0.01609407049569307,0.01404534015330008
0.05461729959995251,0.014500965221442935,0.012042800927558309
0.03925169436572526,0.020406999800608033,0.01369435736959242
0.047183212688922165,0.013420983941835989,0.00970523397205827
0.033577013849983295,0.016769109967562236,0.011917106560708424
0.0386574394617904,0.016513040048418203,0.012584185910161399
0.04819207689390556,0.01915166451349596,0.016770027046616016
0.028505102306525552,0.017898012797423257,0.01099868200479467
0.03128075734498717,0.013895197780630572,0.009538631934424816
0.05037792666913703,0.012200153169461747,0.01203751052185955
0.06379633402714907,0.015870458818882056,0.011568583199416376
0.046866676201910526,0.020591536523685096,0.01801662698017811
0.0414279983657012,0.00998815032758832,0.00872283814250882
0.039160841177905095,0.01003372770685533,0.008572069764308514
0.03534002569793325,0.013938782449429074,0.011899232989794659
0.06662478939506714,0.012618671931983464,0.009560712022547484
0.03600688402091713,0.026550830208874127,0.02045069242637063
0.04174601157600681,0.008359639045751016,0.007512144399198407
0.06510882212337923,0.01897511583385015,0.013637967234438424
0.043488318863894496,0.021629175675934767,0.016484799169256374
0.08208170372307191,0.012667739419957892,0.010600678016672912
0.054908153816388555,0.021069959593991286,0.015166325788263438
0.04105380441671552,0.017092351235874437,0.01600064554118321
0.04210347976806933,0.010733900999238564,0.008372640058134484
0.05221325458363753,0.011953145735052118,0.009831259637198612
0.043094331767459304,0.01418699424987042,0.0100847638694219
0.0755522537041276,0.012299918579961159,0.009547883427469397
0.04020056742882738,0.024443677252672928,0.015687659867790138
0.036034321019984515,0.026025733585752032,0.021759464482160644
0.05878129585649823,0.027955396645353632,0.02060063658473931
0.036009675243376074,0.022820643325021733,0.01874421907866726
0.03778415883834684,0.0143966974102941,0.011128045238130505
0.030133928394376307,0.015199895254874689,0.011988761348418815
0.036041733014724686,0.018675053710607428,0.01408459330458811
0.04529280295623981,0.01592115697801929,0.013993901282694954
0.04132939295713905,0.023603187177304384,0.015731094988446846
0.04150783436140095,0.018254969140106783,0.015601861108271532
0.029387719797285886,0.013822668539360452,0.010138004035056023
0.03396954346560066,0.013622552320213286,0.009980542819175658
0.028043276262559418,0.010346977835305788,0.009295946408486794
0.03942306207890746,0.01763446281861155,0.01025954090892383
0.026682151217222155,0.026275229372284985,0.005291946514877578
0.04213212181043549,0.010894168761707849,0.00992762581612372
0.06417363407372387,0.013130765825788107,0.01216015790057083
0.048257242766098545,0.015012148516969456,0.011580735476977034
0.036875864883281845,0.011384200287279062,0.00863714418277779
0.07196443848823116,0.024701174388278978,0.013691800381284732
0.0622144937448224,0.016662596530887783,0.013284792274006713
0.031128977838869774,0.021315232766558497,0.017693211337677112
0.0774193736008752,0.02177494769259453,0.015870057989210637
0.07715916009471455,0.013287176712428971,0.010209722557822805
0.030370556907604353,0.02325740137329462,0.016671609916213106
0.037591064665914005,0.013867125201707992,0.012239672790234371
0.04725060473392938,0.02915658627977913,0.012138630759346705
0.05091140032453905,0.018164603359526653,0.013667202202730221
0.08381211974733996,0.012544468149736606,0.0114632000232671
0.043388199647028364,0.018538583997105583,0.013724081930029504
0.04715841038641319,0.009711753025277589,0.009032407791831386
0.08801759366091777,0.010387021013518002,0.009731475439163275
0.050056940498783585,0.03417799898327523,0.02773216919026041
0.035996098930165414,0.022843365993156572,0.019287424931336665
0.06850800650820167,0.011669178818049051,0.009016089019271221
0.0704319449414685,0.027908589079589076,0.016645439152111516
0.03533651593100545,0.010616293257129329,0.009719655585789796
0.06670214421447533,0.035184188794506924,0.015066591805652367
0.038045469037031876,0.018846839845570194,0.014163376824581993
0.03283388407035235,0.023037762473475852,0.01803359879188303
0.07787974815792625,0.018869856205997657,0.011481967580798846
0.04650168522484713,0.01928232779426174,0.016435628312157648
0.030587371024578276,0.008681503766489827,0.007181488695224699
0.0411711783907521,0.020837124744084716,0.016849538539772876
0.02551106587285365,0.013672201610530156,0.010875491146604318
0.052126575251396176,0.028074523361555883,0.02059447092663682
0.04391562075100495,0.01900691623451255,0.017732758610167605
0.0383906929241577,0.01667655685144593,0.012707894850067807
0.04360281332479446,0.02248523230640282,0.014087101293729778
0.059216103537505824,0.015159114201632556,0.00961255961869141
0.05631028941679493,0.021128114620561644,0.013532665469688798
0.036011366384231046,0.015947314869107672,0.013221093239097448
0.04605736738721929,0.013758096977609173,0.01235613791122891
0.08287374164716141,0.014832168763349075,0.01139191188953845
0.03779012178287261,0.022275376829959503,0.017152927049010634
0.030264518543232626,0.01043783714787992,0.007753623511783457
0.03939218697894811,0.009595510959113186,0.006784336989203655
0.03394592770497484,0.024389558605474038,0.014758235794073336
0.057583112388483355,0.019120183242803623,0.016518943711228327
0.04259686733536354,0.014347740320300333,0.00964901358930316
0.034800975146617105,0.010254881401102704,0.011055994269399072
0.03416638370686984,0.017335011793281313,0.01268500738714166
0.03875674510126559,0.012820381563740432,0.01110419788085692
0.03457084455304568,0.014944171185477473,0.012681645889491385
0.06415995971170652,0.010471772205682794,0.010208215513075734
0.03365529702056859,0.016410732545435933,0.012823899898802761
0.029668286181524214,0.018414100205607034,0.014721839773119708
0.05155512434524525,0.03636454254191522,0.02763722956721805
0.04302592422965409,0.0166672210943484,0.014813114832871777
0.07580887733561593,0.01564110734951791,0.013563741966806417
0.03339949044654429,0.018469002560763524,0.012610791907405237
0.04764740474348489,0.024292638166467827,0.016124540349869983
0.03777029680292383,0.014038530439573545,0.013404596152081505
0.034113265288715965,0.011740244713247354,0.010429224783935123
0.03405489222517286,0.022416906466954246,0.016993968934013
0.10125316459137695,0.010693457880202723,0.00990976677351264
0.04955722114320836,0.024082670229363293,0.012188838488881068
0.03455488023758324,0.013131944095199504,0.010123702159886044
0.04772770474988332,0.014204607285355976,0.010581104316259388
0.028969786400169728,0.014092745687611452,0.011371106715725974
0.10224067444302407,0.018281521214023513,0.01246901242778315
0.02774316319270522,0.02987985333286462,0.01812510572631939
0.04436830767550243,0.025647034249109052,0.017710178075668558
0.03296436328066597,0.021268237725772625,0.01487439167731298
0.03443625853530545,0.0099508962762218,0.011101576530458929
0.051007937407164125,0.016271239405578862,0.010874674160010544
0.032830193199949106,0.01687200630320377,0.009220261157048291
0.048926280842234215,0.012285358535851564,0.010495926612542499
0.04377385697904164,0.01586695163005649,0.011294913505961759
0.03791573272426499,0.02262278581211849,0.015503033952666263
0.061862947198452096,0.0257197353380052,0.021577007982786906
0.0282406322355013,0.009612347363928235,0.009660264863341306
0.03861631337939588,0.019873455350689198,0.014035005946534562
0.05472984064967405,0.01336260537638714,0.009469183458317133
0.04560906026723721,0.012264697724911948,0.010512496034672893
0.061440271840330185,0.013115347485001271,0.011636732175292666
0.03656034576253467,0.020618683349621327,0.018691517291557193
0.035685794314780264,0.022527434454549085,0.015500194239270189
0.0335355858031762,0.01309681052998412,0.011375492848463311
0.036704283196106496,0.016411353355054094,0.01316998215934932
0.03307403697511431,0.01627791932614873,0.014143593192526066
0.04627129807919382,0.012201014515647143,0.010075527260695997
0.04354851100022743,0.02299058448517491,0.011399186606571987
0.03419815547405529,0.014734702481419936,0.013563206143025374
0.0328796099640795,0.022248015647255967,0.016674120413995214
0.08451676990859397,0.03462384778179076,0.016450138225135597
0.03538255007830099,0.01925901530088188,0.015279515522478995
0.02947169167941132,0.02290831969609881,0.015387875596125896
0.055041773497004266,0.015868003582724208,0.012618980851229464
0.052088488501887645,0.01657487170383822,0.011664855278499583
0.048237488667681266,0.021824757798731435,0.01794254444980259
0.032164582802524294,0.02279083682598672,0.01641261611322415
0.07390277110894466,0.022708105745697107,0.01750319224692183
0.037928989146395996,0.018543832635383582,0.015852336378820112
0.05555946865465622,0.016160718446284375,0.014451169530312637
0.0318146873442047,0.013551584315344466,0.010411795965221127
0.034303947685245355,0.03477277562878542,0.015943902292283794
0.02953090385613625,0.021574213256730063,0.01545504391049193
0.04388442824175096,0.036384477702467256,0.015470689896822416
0.04267252159680993,0.04766977202124041,0.021424591777322453
0.05876267786805893,0.013686126618644098,0.010424082376751135
0.03686406662586732,0.020476872529638923,0.014406618558837526
0.030320320380323153,0.014058494511238053,0.010539426653537718
0.03572092109186519,0.01714296639330088,0.01403730467742556
0.03903519037099808,0.028783437551536083,0.00877172763888234
0.037371263563711773,0.015321815408832089,0.014472178126434485
0.04897101129354054,0.023541876509923267,0.014761696216504461
0.03486360834055753,0.009146122767039688,0.007233840238005365
0.029008971338712365,0.017207195177202643,0.015841406924195656
0.031227514647356455,0.012756849877221418,0.010134813689371174
0.04908246200911848,0.016777597992046506,0.01124297779382118
0.06518243193518311,0.017251734614023725,0.014779475241980011
0.03370036485244072,0.01868107452502196,0.012690527364166683
0.049426510480214625,0.008116802313209565,0.007545962338545916
0.0455020163485525,0.005508028030218669,0.005581721451205397
0.034030858016612965,0.018364322870429557,0.016089431682917862
0.03119218297743869,0.016602893804526404,0.010407183759888725
0.0274408298986549,0.018263833845126302,0.014235000049245466
0.07265530666827869,0.012507484682159543,0.011236483344819012
0.03339577391707302,0.016902730459468808,0.013585624840655973
0.03650566587536093,0.018606037225699312,0.012887671737832136
0.04137389089585024,0.018315748502651462,0.013257169298370175
0.07938876821732531,0.021966055047940518,0.019117728992647125
0.04682628247326675,0.012906633172506992,0.010547053869830651
0.054375883583981724,0.010762588924181318,0.009452077600289996
0.06726994590311709,0.015626939090567275,0.010855220100365168
0.03152875758936689,0.009702005513839056,0.009359412218163558
0.030501538198194938,0.019722109353250666,0.011637953711175184
0.05228902742271184,0.023864438515666813,0.016869738684179434
0.03156016580086361,0.014360976860967897,0.011348756355870213
0.03870322829883995,0.014205402391563702,0.012991536255328468
0.07818059477984954,0.024964093364799357,0.019645611556388345
0.038164941138033884,0.023514804510108747,0.020303689269672236
0.03129779570386765,0.01012031791480694,0.008762248178761475
0.035501935305528795,0.02094827129562753,0.017400336362616776
0.06298485130314617,0.020089235958166828,0.013887116807181542
0.05030740727226404,0.019748970976922492,0.018450821856634624
0.025796763564873735,0.015536307979357724,0.010962442149716173
0.027880775603096344,0.011673110018693894,0.0106754329333178
0.03720354847550513,0.020084676864280164,0.016143023804623347
0.04133643075156798,0.013586743554719815,0.012062742670078265
0.08985296050402301,0.014278577770853932,0.008949849052772544
0.04663379568316654,0.012638804991635649,0.011649333603389088
0.04033489718114898,0.02094536525795375,0.01623840489535485
0.03348961327933639,0.017578898707966098,0.01110660157648111
0.07786336802336963,0.020601418601155552,0.01697876380314271
0.05625865415598632,0.012975463938293906,0.011668330492850475
0.04173357398161119,0.01547542785565054,0.013940417091472965
0.047195018557841244,0.017786407302886203,0.009274544886161699
0.05094057373368169,0.018415703290932197,0.01637020953536323
0.03430998295955911,0.016265082227161963,0.012275272801750352
0.0437122490755998,0.018675709459660954,0.00961621073915608
0.050108101265178506,0.02004776060935476,0.01023751858358425
0.048159828281503184,0.023347178770547053,0.014415847910135521
0.11129307965043954,0.015987402333123915,0.011869682036004789
0.08833221599791935,0.02307051807338658,0.014709557090916064
0.033950577348138763,0.01875361057927789,0.016835723106674055
0.0685444152379992,0.019309135590663346,0.008808695172509599
0.07803928208793035,0.02834564930141956,0.014849015401002702
0.060448880742312104,0.02708019130287051,0.018474580470873324
0.057242880898009385,0.018109720873379195,0.010039502108222352
0.03592533336160262,0.011139789075411133,0.010784005822986217
0.04084232972384282,0.01182985780561015,0.010336127470076013
0.05906005933770796,0.015489066752090774,0.012293638463342325
0.05398321179995443,0.021345170505460656,0.01601200203140738
0.06777266710981772,0.018682370998017193,0.008463279078485902
0.030538601732333158,0.028467343152167646,0.019353968477978937
0.026054411702947804,0.014755045349683703,0.011496866842888843
0.08706592023316058,0.019234745710841956,0.010579421678808511
0.059922671349492466,0.013178071096908514,0.010704327865178623
0.07998730279624267,0.017954704693370065,0.015390713128726766
0.03828649051448811,0.038392351435797126,0.015252178091101642
0.0477764960285381,0.018956885531770683,0.014781458487929713
0.045536584792028295,0.04409972440647749,0.01690140162898402
0.030595584395446747,0.03130016230905506,0.01605179217777663
0.03132593819861339,0.018320340696842696,0.011704752848795118
0.03301437869380501,0.021356224049114872,0.018766207773754692
0.0575228897850735,0.022581025524159214,0.008929509995159561
0.03520578353214983,0.011590900057173788,0.007753741503431893
